objectname,objectid,rating,numplays,weight,own,fortrade,want,wanttobuy,wanttoplay,prevowned,preordered,wishlist,wishlistpriority,wishlistcomment,comment,conditiontext,haspartslist,wantpartslist,collid,baverage,average,avgweight,rank,numowned,objecttype,originalname,minplayers,maxplayers,playingtime,maxplaytime,minplaytime,yearpublished,bggrecplayers,bggbestplayers,bggrecagerange,bgglanguagedependence,publisherid,imageid,year,language,other,itemtype,barcode,pricepaid,pp_currency,currvalue,cv_currency,acquisitiondate,acquiredfrom,quantity,privatecomment,invlocation,invdate,version_publishers,version_languages,version_yearpublished,version_nickname
"Adventure Time Card Wars: Finn vs. Jake","144728","0","","0","1","0","0","0","0","0","0","0","3","","Also own the BMO vs Rainicorn deck.","","","","100229321","5.64842","6.16908","1.7143","6243","2770","thing","Adventure Time Card Wars: Finn vs. Jake","2","2","30","30","30","2014","2","2","8+","Moderate in-game text - needs crib sheet or paste ups","","","","","","standalone","","","","","","","","","","","","","","",""
"Agricola","31260","0","","0","1","0","0","0","0","0","0","0","3","","","","","","100228664","7.78496","7.9048","3.6372","42","81297","thing","Agricola","1","5","150","150","30","2007","1,2,3,4,5","3,4","12+","Extensive use of text - massive conversion needed to be playable","","","","","","standalone","","","","","","","","","","","","","","",""
"Attack on Titan: The Last Stand","181254","5","","0","1","0","0","0","0","0","0","0","3","","The hero half of this game is really good. But the titan has very little chance of winning, and doesn't have any interesting choices.

I think I would like this game with some house rules to automate the titan and make it more difficult to beat.","","","","54926898","5.76869","6.61259","2.25","4360","1630","thing","Attack on Titan: The Last Stand","2","5","30","30","30","2017","3,4,5","5","10+","Some necessary text - easily memorized or small crib sheet","","","","","","standalone","","","","","","","B&N clearance","","","","","","","",""
"Azul","230802","0","","0","1","0","0","0","0","0","0","0","3","","","","","","54924796","7.6611","7.77335","1.7623","67","111679","thing","Azul","2","4","45","45","30","2017","2,3,4","2","8+","No necessary in-game text","","","","","","standalone","","","","","","","","","","","","","","",""
"BANG! The Dice Game","143741","0","","0","1","0","0","0","0","0","0","0","3","","","","","","100231361","6.77328","6.91935","1.2782","674","35761","thing","BANG! The Dice Game","3","8","15","15","15","2013","5,6,7,8","6,7","8+","Some necessary text - easily memorized or small crib sheet","","","","","","standalone","","","","","","","","","","","","","","",""
"Battleship","2425","0","","0","1","0","0","0","0","0","0","0","3","","","","","","100233159","4.73752","4.68184","1.2177","23473","15638","thing","Battleship","2","2","30","30","30","1931","2","2","6+","No necessary in-game text","","","","","","standalone","","","","","","","","","","","","","","",""
"Biblios","34219","0","","0","1","0","0","0","0","0","0","0","3","","","","","","100229283","7.01987","7.20246","1.6852","405","21077","thing","Biblios","2","4","30","30","30","2007","2,3,4","3","8+","No necessary in-game text","","","","","","standalone","","","","","","","","","","","","","","",""
"Big Brain Academy Boardgame","30485","0","","0","1","0","0","0","0","0","0","0","3","","","","","","100233162","5.43845","4.67774","1.6","23009","440","thing","Big Brain Academy Boardgame","2","6","45","45","30","2007","2,3,4,5,6","4,6","8","Extensive use of text - massive conversion needed to be playable","","","","","","standalone","","","","","","","","","","","","","","",""
"Blokus","2453","6","","0","1","0","0","0","0","1","0","0","3","","Parent's House","","","","67518083","6.72838","6.86355","1.7582","735","35035","thing","Blokus","2","4","20","20","20","2000","2,4","4","6+","No necessary in-game text","","","","","","standalone","","","","","","","","","","","","","","",""
"Blueprints","140933","6","","0","1","0","0","0","0","0","0","0","3","","","","","","100228334","6.50467","6.802","1.6858","1119","8661","thing","Blueprints","2","4","30","30","30","2013","2,3,4","4","8+","No necessary in-game text","","","","","","standalone","","","","","","","","","","","","","","",""
"Bob Ross: Art of Chill Game","231696","7","1","0","1","0","0","0","0","0","0","0","3","","","","","","68559613","6.21202","6.79843","1.7692","1825","5430","thing","Bob Ross: Art of Chill Game","2","4","30","30","30","2017","2,3,4","3","8+","Moderate in-game text - needs crib sheet or paste ups","","","","","","standalone","","","","","","","","","","","","","","",""
"Caldera","109019","0","","0","1","0","0","0","1","0","0","0","3","","","","","","68926325","5.53699","7.57059","2","12540","53","thing","Caldera","2","3","0","0","0","2011","2","2","8+","No necessary in-game text","","","","","","standalone","","","","","","","","","","","","","","",""
"The Castles of Burgundy","84876","7","","0","1","0","0","0","0","0","0","0","3","","","","","","100229274","8.00642","8.12802","2.9937","17","71371","thing","The Castles of Burgundy","2","4","90","90","30","2011","2,3,4","2","12+","No necessary in-game text","","","","","","standalone","","","","","","","","","","","","","","",""
"Castles of Mad King Ludwig","155426","0","","0","1","0","0","0","0","0","0","0","3","","","","","","100228297","7.35615","7.52882","2.6564","168","30476","thing","Castles of Mad King Ludwig","1","4","90","90","90","2014","2,3,4","4","10+","Some necessary text - easily memorized or small crib sheet","","","","","","standalone","","","","","","","","","","","","","","",""
"Catacombs (Third Edition)","195137","9","","0","1","0","0","0","0","0","0","0","3","","","","","","58899956","6.68079","7.51826","2.2708","814","5704","thing","Catacombs (Third Edition)","2","5","90","90","60","2015","2,3,4,5","2,5","8+","No necessary in-game text","","","","","","standalone","","","","","","","","","","","","","","",""
"CATAN","13","0","","0","1","0","0","0","0","1","0","0","3","","","","","","100233167","6.94682","7.11698","2.3058","473","181173","thing","CATAN","3","4","120","120","60","1995","3,4","4","8+","Some necessary text - easily memorized or small crib sheet","","","","","","standalone","","","","","","","","","","","","","","",""
"Caverna: Cave vs Cave","220520","7","4","0","1","0","0","0","0","0","0","0","3","","","","","","68029612","6.74527","7.13727","2.5576","714","12414","thing","Caverna: Cave vs Cave","1","2","40","40","20","2017","1,2","2","10+","Some necessary text - easily memorized or small crib sheet","","","","","","standalone","","","","","","","","","","","","","","",""
"Charterstone","197376","0","12","0","1","0","0","0","0","0","0","0","3","","","","","","77004193","6.99798","7.26722","2.8399","425","24763","thing","Charterstone","1","6","75","75","45","2017","2,3,4,5,6","6","10+","Extensive use of text - massive conversion needed to be playable","","","","","","standalone","","","","","","","","","","","","","","",""
"Clank!: Legacy – Acquisitions Incorporated","266507","8","1","0","1","0","0","0","0","0","0","0","3","","","","","","69720974","7.93065","8.62458","2.729","24","13345","thing","Clank!: Legacy – Acquisitions Incorporated","2","4","120","120","90","2019","2,3,4","4","10+","Extensive use of text - massive conversion needed to be playable","","","","","","standalone","","","","","","","","","","","","","","",""
"Codenames: Duet","224037","0","","0","1","0","0","0","0","0","0","0","3","","","","","","100228753","7.30063","7.48913","1.3446","200","38854","thing","Codenames: Duet","2","2","30","30","15","2017","2","2","12+","Unplayable in another language","","","","","","standalone","","","","","","","","","","","","","","",""
"Codenames: Pictures","198773","0","","0","1","0","0","0","0","0","0","0","3","","","","","","100228749","7.04299","7.2156","1.2407","384","34893","thing","Codenames: Pictures","2","8","15","15","15","2016","4,5,6,7,8","6","8+","No necessary in-game text","","","","","","standalone","","","","","","","","","","","","","","",""
"Codex: Card-Time Strategy – Deluxe Set","131111","0","","0","1","0","0","0","0","1","0","0","3","","","","","","100233116","6.33578","8.02263","3.6557","1468","1371","thing","Codex: Card-Time Strategy – Deluxe Set","2","5","45","45","45","2016","2,3,4","2","12+","Extensive use of text - massive conversion needed to be playable","","","","","","standalone","","","","","","","","","","","","","","",""
"Cosmic Encounter","39463","0","","0","1","0","0","0","0","0","0","0","3","","","","","","100230749","7.36119","7.53554","2.5828","166","37862","thing","Cosmic Encounter","3","5","120","120","60","2008","4,5","5","12+","Extensive use of text - massive conversion needed to be playable","","","","","","standalone","","","","","","","","","","","","","","",""
"Coup","131357","0","","0","1","0","0","0","0","0","0","0","3","","","","","","100229247","6.8584","6.99062","1.415","576","70491","thing","Coup","2","6","15","15","15","2012","3,4,5,6","5","10+","Some necessary text - easily memorized or small crib sheet","","","","","","standalone","","","","","","","","","","","","","","",""
"Cranium","891","0","","0","1","0","0","0","0","1","0","0","3","","","","","","100233178","5.57895","5.68382","1.4242","8830","17607","thing","Cranium","4","16","60","60","60","1998","4,6,7,8,9,10,11,12,14,16","8","10+","Unplayable in another language","","","","","","standalone","","","","","","","","","","","","","","",""
"Cthulhu Wars","139976","0","","0","1","0","0","0","0","0","0","0","3","","","","","","100228474","7.15151","7.87797","3.1457","288","6461","thing","Cthulhu Wars","2","4","120","120","90","2015","3,4","4","12+","Moderate in-game text - needs crib sheet or paste ups","","","","","","standalone","","","","","","","","","","","","","","",""
"Cube Quest","137330","8","16","0","1","0","0","0","0","0","0","0","3","","I don't own the official set, but was able to play with multiple sets of colored dice.","","","","67633846","6.18959","6.82462","1.0986","1912","3553","thing","Cube Quest","2","2","15","15","15","2013","2","2","5+","No necessary in-game text","","","","","","standalone","","","","","","","","","","","","","","",""
"Da Yu: The Flood Conqueror","158495","3","","0","1","0","0","0","0","0","0","0","3","","Cute components, interesting idea. But a bit too convoluted for such a small game.","","","","55289936","5.524","6.57024","2.3333","14729","68","thing","Da Yu: The Flood Conqueror","2","4","30","30","30","2014","2,3","3","8+","No necessary in-game text","","","","","","standalone","","","","","","","","","","","","","","",""
"Dancing Eggs","8924","6","1","0","1","0","0","0","0","0","0","0","3","","Great game to play with kids.","","","","54926758","5.96293","6.34725","1.0485","2864","3984","thing","Dancing Eggs","2","4","10","10","10","2003","3,4","4","5+","No necessary in-game text","","","","","","standalone","","","","","","","","","","","","","","",""
"Deep Sea Adventure","169654","0","","0","1","0","0","0","0","0","0","0","3","","","","","","100232532","6.73675","6.93978","1.1677","729","22111","thing","Deep Sea Adventure","2","6","30","30","30","2014","3,4,5,6","4,5","8+","No necessary in-game text","","","","","","standalone","","","","","","","","","","","","","","",""
"Disney Villainous: Perfectly Wretched","299047","0","","0","1","0","0","0","0","0","0","0","3","","","","","","100228706","6.66419","7.72654","2.3077","839","10211","thing","Disney Villainous: Perfectly Wretched","2","3","60","60","40","2020","2,3","3","10+","Extensive use of text - massive conversion needed to be playable","","","","","","standalone","","","","","","","","","","","","","","",""
"Dominoes","2394","0","","0","1","0","0","0","0","1","0","0","3","","","","","","100233184","5.46821","5.51125","1.3689","22369","13351","thing","Dominoes","2","10","30","30","30","1500","2,3,4","4","5+","No necessary in-game text","","","","","","standalone","","","","","","","","","","","","","","",""
"Dou Dizhu","32288","6","","0","1","0","0","0","0","0","0","0","3","","","","","","67393651","5.58478","7.04125","2.1111","8497","83","thing","Dou Dizhu","3","4","30","30","30","0","3,4","3","8+","No necessary in-game text","","","","","","standalone","","","","","","","","","","","","","","",""
"Dungeon Twister","12995","0","","0","1","0","0","0","0","1","0","0","3","","","","","","100233187","6.46993","6.81615","2.8857","1182","7791","thing","Dungeon Twister","2","2","60","60","60","2004","2","2","12+","Some necessary text - easily memorized or small crib sheet","","","","","","standalone","","","","","","","","","","","","","","",""
"Dungeons & Dragons Dice Masters: Battle for Faerûn","160902","0","","0","1","0","0","0","0","1","0","0","3","","","","","","100233188","6.25828","7.22673","2.2","1687","3543","thing","Dungeons & Dragons Dice Masters: Battle for Faerûn","2","2","60","60","30","2015","2","2","10+","Extensive use of text - massive conversion needed to be playable","","","","","","standalone","","","","","","","","","","","","","","",""
"Epic Card Game","175621","6","2","0","1","0","0","0","0","0","0","0","3","","","","","","67469143","6.1004","6.43478","2.5111","2226","10961","thing","Epic Card Game","2","4","40","40","20","2015","2,3,4","2","8+","Extensive use of text - massive conversion needed to be playable","","","","","","standalone","","","","","","","","","","","","","","",""
"Escape from the Hidden Castle","444","0","2","0","1","0","0","0","0","0","0","0","3","","","","","","89209171","5.87512","6.27556","1.1369","3414","2766","thing","Escape from the Hidden Castle","2","8","30","30","30","1989","2,3,4,5,6,7,8","5","5+","No necessary in-game text","","","","","","standalone","","","","","","","","","","","","","","",""
"Funkoverse Strategy Game","284775","8","2","0","1","0","0","0","0","0","0","0","3","","","","","","66985032","6.07125","7.28115","2.1818","2359","1572","thing","Funkoverse Strategy Game","2","4","60","60","20","2019","2,3,4","2","8+","Some necessary text - easily memorized or small crib sheet","","","","","","standalone","","","","","","","","","","","","","","",""
"The Game of Life in Monstropolis","5028","0","","0","1","0","0","0","0","1","0","0","3","","","","","","100233190","5.46883","4.62029","1","22345","179","thing","The Game of Life in Monstropolis","2","4","45","45","45","2001","","","6–10","","","","","","","standalone","","","","","","","","","","","","","","",""
"Go","188","8","","0","1","0","0","0","0","0","0","0","3","","","","","","68237569","7.31681","7.63909","3.9358","191","22491","thing","Go","2","2","180","180","30","-2200","2","2","6+","No necessary in-game text","","","","","","standalone","","","","","","","","","","","","","","",""
"Go-Moku","11929","0","","0","1","0","0","0","0","0","0","0","3","","","","","","100233293","5.60948","5.94375","1.8525","7402","576","thing","Go-Moku","2","2","5","5","5","700","2","2","6+","No necessary in-game text","","","","","","standalone","","","","","","","","","","","","","","",""
"Gobblet","2266","7","5","0","1","0","0","0","0","0","0","0","3","","","","","","89436907","6.01799","6.6089","1.843","2577","3435","thing","Gobblet","2","2","20","20","20","2000","2","2","8+","No necessary in-game text","","","","","","standalone","","","","","","","","","","","","","","",""
"Guess Who?","4143","0","","0","1","0","0","0","0","1","0","0","3","","","","","","100233191","4.93865","4.81615","1.1074","23465","9488","thing","Guess Who?","2","2","20","20","20","1979","2","2","4–12","No necessary in-game text","","","","","","standalone","","","","","","","","","","","","","","",""
"Hanamikoji","158600","0","","0","1","0","0","0","0","0","0","0","3","","","","","","100229255","7.26871","7.51572","1.7189","222","24322","thing","Hanamikoji","2","2","15","15","15","2013","2","2","8+","No necessary in-game text","","","","","","standalone","","","","","","","","","","","","","","",""
"Hive","2655","7","","0","1","0","0","0","0","0","0","0","3","","","","","","68487788","7.18322","7.31946","2.3234","271","45646","thing","Hive","2","2","20","20","20","2000","2","2","8+","No necessary in-game text","","","","","","standalone","","","","","","","","","","","","","","",""
"Hive Pocket","154597","0","","0","1","0","0","0","0","0","0","0","3","","","","","","100228694","7.33387","7.69647","2.2816","0","24666","thing","Hive Pocket","2","2","20","20","20","2010","2","2","8+","No necessary in-game text","","","","","","standalone","","","","","","","","","","","","","","",""
"Homeworlds","14634","6","","0","1","0","0","0","0","0","0","0","3","","","","","","68926333","5.84273","7.60253","3.4468","3668","548","thing","Homeworlds","2","6","60","60","15","2001","2,3,4","2","10+","No necessary in-game text","","","","","","standalone","","","","","","","","","","","","","","",""
"ICECOOL","177524","0","","0","1","0","0","0","0","0","0","0","3","","","","","","100229722","6.57908","6.80086","1.0392","991","16607","thing","ICECOOL","2","4","30","30","30","2016","3,4","4","6+","No necessary in-game text","","","","","","standalone","","","","","","","","","","","","","","",""
"In a Pickle","12205","0","","0","1","0","0","0","0","1","0","0","3","","","","","","100233195","5.10853","4.67874","1.2135","23447","3812","thing","In a Pickle","2","6","20","20","20","2004","3,4,5,6","4,5,6","6+","Unplayable in another language","","","","","","standalone","","","","","","","","","","","","","","",""
"Jaipur","54043","7","2","0","1","0","0","0","0","0","0","0","3","","","","","","68973791","7.38326","7.49609","1.4729","159","68430","thing","Jaipur","2","2","30","30","30","2009","2","2","8+","No necessary in-game text","","","","","","standalone","","","","","","","","","","","","","","",""
"Jenga","2452","9","","1","1","0","0","0","0","0","0","0","3","","Very underrated on bgg. 

Add a chess clock, and this turns into the best two-player dexterity game around. 

It's also an excellent way to resolve conflict in tabletop roleplaying games.","","","","55730369","5.55701","5.62732","1.1102","10298","25244","thing","Jenga","1","8","20","20","20","1983","2,3,4,5,6","4","5+","No necessary in-game text","","","","","","standalone","","","","","","","","","","","","","","",""
"Jungle Speed","8098","0","","0","1","0","0","0","0","0","0","0","3","","","","","","100231034","6.29344","6.48711","1.1356","1589","19548","thing","Jungle Speed","2","10","10","10","10","1997","3,4,5,6,7,8","5,6","6+","No necessary in-game text","","","","","","standalone","","","","","","","","","","","","","","",""
"KeyForge: Call of the Archons","257501","0","","0","1","0","0","0","0","0","0","0","3","","Own three decks.","","","","100228647","6.84602","7.1674","2.5","586","16193","thing","KeyForge: Call of the Archons","2","2","45","45","15","2018","2","2","10+","Extensive use of text - massive conversion needed to be playable","","","","","","standalone","","","","","","","","","","","","","","",""
"King of Tokyo","70323","0","","0","1","0","0","0","0","1","0","0","3","","","","","","100233196","7.0591","7.15599","1.4886","368","93493","thing","King of Tokyo","2","6","30","30","30","2011","3,4,5,6","4,5","6+","Moderate in-game text - needs crib sheet or paste ups","","","","","","standalone","","","","","","","","","","","","","","",""
"Kingdomino","204583","0","","0","1","0","0","0","0","0","0","0","3","","With Giants Expansion","","","","100228374","7.2137","7.3327","1.219","252","68783","thing","Kingdomino","2","4","25","25","15","2016","2,3,4","2,4","6+","No necessary in-game text","","","","","","standalone","","","","","","","","","","","","","","",""
"Lamarckian Poker","3270","7","","0","1","0","0","0","0","0","0","0","3","","The best non-betting variant of Poker that I've played. Not sure why other people think it's so luck dependent. But I've only played with three players, and I expect that luck is a bigger factor with higher player count.","","","","63550444","5.53969","6.46024","1.6111","12107","71","thing","Lamarckian Poker","2","6","10","10","10","1997","2,3,4,5,6","4","10+","No necessary in-game text","","","","","","standalone","","","","","","","","","","","","","","",""
"Legendary: A Marvel Deck Building Game","129437","0","","0","1","0","0","0","0","1","0","0","3","","","","","","100233197","7.28392","7.55122","2.4337","207","33031","thing","Legendary: A Marvel Deck Building Game","1","5","60","60","30","2012","1,2,3,4","3","10+","Extensive use of text - massive conversion needed to be playable","","","","","","standalone","","","","","","","","","","","","","","",""
"Loony Quest","136991","0","","0","1","0","0","0","0","0","0","0","3","","","","","","100230998","6.56904","6.90224","1.1928","1006","9636","thing","Loony Quest","2","5","30","30","20","2015","2,3,4,5","4","6+","No necessary in-game text","","","","","","standalone","","","","","","","","","","","","","","",""
"Lord of the Rings: The Confrontation","18833","0","","0","1","0","0","0","0","0","0","0","3","","","","","","100230349","6.99755","7.47968","2.1978","426","7471","thing","Lord of the Rings: The Confrontation","2","2","30","30","30","2005","2","2","10+","Moderate in-game text - needs crib sheet or paste ups","","","","","","standalone","","","","","","","","","","","","","","",""
"Love Letter","129622","0","","0","1","0","0","0","0","0","0","0","3","","","","","","100231008","7.13327","7.22663","1.1891","303","103271","thing","Love Letter","2","4","20","20","20","2012","3,4","4","8+","Some necessary text - easily memorized or small crib sheet","","","","","","standalone","","","","","","","","","","","","","","",""
"Machi Koro Legacy","259081","0","10","0","1","0","0","0","0","0","0","0","3","","","","","","63113934","6.25875","6.95725","1.9444","1682","5343","thing","Machi Koro Legacy","2","4","45","45","30","2019","2,3,4","3,4","8+","Some necessary text - easily memorized or small crib sheet","","","","","","standalone","","","","","","","","","","","","","","",""
"Mage Knight Board Game","96848","0","","0","1","0","0","0","0","0","0","0","3","","","","","","100228777","7.86729","8.09168","4.3405","33","43025","thing","Mage Knight Board Game","1","4","240","240","60","2011","1,2,3","1,2","14+","Extensive use of text - massive conversion needed to be playable","","","","","","standalone","","","","","","","","","","","","","","",""
"Mage Wars Academy","172503","0","","0","1","0","0","0","0","1","0","0","3","","","","","","100233199","6.14099","7.13735","3.0323","2089","3782","thing","Mage Wars Academy","2","2","30","30","30","2015","2","2","10+","Extensive use of text - massive conversion needed to be playable","","","","","","standalone","","","","","","","","","","","","","","",""
"Magic: The Gathering – Heroes of Dominaria Board Game","248763","0","","0","1","0","0","0","0","0","0","0","3","","","","","","100230337","5.67741","6.62526","2.2857","5651","1058","thing","Magic: The Gathering – Heroes of Dominaria Board Game","2","4","75","75","45","2018","2,3,4","3","12+","Moderate in-game text - needs crib sheet or paste ups","","","","","","standalone","","","","","","","","","","","","","","",""
"Mahjong","2093","6","14","0","1","0","0","0","0","0","0","0","3","","Great components. But basically a glorified card game.  It's a shame there are only three suits. Otherwise, the pieces could be repurposed into a deluxified version of basically any card game.","","","","62763668","6.65839","7.0362","2.5693","853","10194","thing","Mahjong","3","4","120","120","120","1850","4","4","10+","No necessary in-game text","","","","","","standalone","","","","","","","","","","","","","","",""
"Mahjong Rummy","20510","0","","0","1","0","0","0","0","0","0","0","3","","","","","","69314680","0","7.16071","2","0","41","thing","Mahjong Rummy","4","4","20","20","20","0","1,2,3,4","1,2,3,4","","","","","","","","standalone","","","","","","","","","","","","","","",""
"Mint Works","200077","0","","0","1","0","0","0","0","0","0","0","3","","","","","","100231015","6.59736","6.96918","1.7105","955","12539","thing","Mint Works","1","4","20","20","10","2017","1,2,3,4","2,3","8+","Some necessary text - easily memorized or small crib sheet","","","","","","standalone","","","","","","","","","","","","","","",""
"My Little Scythe","226320","0","","0","1","0","0","0","0","0","0","0","3","","","","","","100228561","6.77381","7.29333","2","673","11283","thing","My Little Scythe","1","6","60","60","45","2017","1,2,3,4,5,6","4","6+","Moderate in-game text - needs crib sheet or paste ups","","","","","","standalone","","","","","","","","","","","","","","",""
"Mysterium","181304","0","","0","1","0","0","0","0","0","0","0","3","","","","","","100228345","7.11921","7.25489","1.9058","316","61395","thing","Mysterium","2","7","42","42","42","2015","3,4,5,6,7","5,6","8+","No necessary in-game text","","","","","","standalone","","","","","","","","","","","","","","",""
"New York 1901","174660","6","","0","1","0","0","0","0","0","0","0","3","","One of the best inserts I've ever seen. Gameplay is not that interesting with 2 players. It needs higher player counts for things to actually get interesting.","","","","54926797","6.4832","6.80899","2.0534","1162","10047","thing","New York 1901","2","4","60","60","30","2015","2,3,4","4","8+","No necessary in-game text","","","","","","standalone","","","","","","","","","","","","","","",""
"Not Alone","194879","0","","0","1","0","0","0","0","0","0","0","3","","","","","","54926871","6.70703","6.9934","1.9735","777","14530","thing","Not Alone","2","7","45","45","30","2016","3,4,5,6,7","4,5","10+","Moderate in-game text - needs crib sheet or paste ups","","","","","","standalone","","","","","","","B&N clearance","","","","","","","",""
"Oh Hell!","1116","8","","0","1","0","0","0","0","0","0","0","3","","","","","","67393663","6.06769","6.83687","1.7257","2378","802","thing","Oh Hell!","3","7","30","30","30","1930","3,4,5,6,7","5,6","10+","No necessary in-game text","","","","","","standalone","","","","","","","","","","","","","","",""
"Okey Dokey","211940","0","","0","1","0","0","0","0","0","0","0","3","","","","","","100228601","5.80706","6.48178","1.1667","3971","1615","thing","Level 10","1","5","32","32","16","2017","1,2,3,4,5","2","6+","No necessary in-game text","","","","","","standalone","","","","","","","","","","","","Tasty Minstrel Games","English","2017","English-only first edition"
"Othello","2389","0","","0","1","0","0","0","0","1","0","0","3","","","","","","100233203","5.93618","6.11367","2.0688","3029","12586","thing","Othello","2","2","30","30","30","1883","2","2","8+","No necessary in-game text","","","","","","standalone","","","","","","","","","","","","","","",""
"Pandemic: Iberia","198928","0","","0","1","0","0","0","0","0","0","0","3","","","","","","100229294","7.47405","7.90197","2.5758","118","16940","thing","Pandemic: Iberia","2","5","45","45","45","2016","1,2,3,4,5","4","10+","Some necessary text - easily memorized or small crib sheet","","","","","","standalone","","","","","","","","","","","","","","",""
"Photosynthesis","218603","8","","0","1","0","0","0","0","0","0","0","3","","Interesting game with lovely components and a theme which makes the rules intuitive.

My only complaint is that the scoring condition creates a thematic disconnect. Because you get no points for presence on the board, and the game ends at a predictable point, the winner is usually the person without any trees at the end. The game would be more satisfying if the winner could gaze at their lovingly cultivated garden.","","","","54924913","6.88471","7.04996","2.2707","549","34408","thing","Photosynthesis","2","4","60","60","30","2017","2,3,4","3","10+","No necessary in-game text","","","","","","standalone","","","","","","","Half Price Books","","","","","","","",""
"Planet","252929","0","2","0","1","0","0","0","0","0","0","0","3","","","","","","61299440","6.33737","6.70458","1.5778","1463","8020","thing","Planet","2","4","45","45","30","2018","2,3,4","4","6+","No necessary in-game text","","","","","","standalone","","","","","","","","","","","","","","",""
"Porta Nigra","172385","6","1","0","1","0","0","0","0","0","0","0","3","","","","","","87177967","6.42039","7.18203","2.9903","1278","4095","thing","Porta Nigra","2","4","120","120","75","2015","2,3,4","3","10+","No necessary in-game text","","","","","","standalone","","","","","","","","","","","","","","",""
"Portal: The Uncooperative Cake Acquisition Game","159406","6","","0","1","0","0","0","0","0","0","0","3","","A strange mixture of excellent and terrible. 

Component-wise, the miniatures are fantastic to play with, but the tiles are poorly cut and don't quite fit together.","","","","54926861","5.76696","6.20762","2.1579","4379","3905","thing","Portal: The Uncooperative Cake Acquisition Game","2","4","45","45","30","2015","2,3,4","2,3","10+","Moderate in-game text - needs crib sheet or paste ups","","","","","","standalone","","10","USD","","","","Barnes and Noble clearance","","","","","","","",""
"The Quest for El Dorado","217372","0","1","0","1","0","0","0","0","0","0","0","3","","","","","","59012323","7.42542","7.64083","1.9254","139","29663","thing","The Quest for El Dorado","2","4","60","60","30","2017","2,3,4","2,4","8+","Some necessary text - easily memorized or small crib sheet","","","","","","standalone","","","","","","","","","","","","","","",""
"Raptor","177639","0","","0","1","0","0","0","0","0","0","0","3","","","","","","100232067","6.96216","7.27507","2.0769","459","13882","thing","Raptor","2","2","30","30","30","2015","2","2","10+","No necessary in-game text","","","","","","standalone","","","","","","","","","","","","","","",""
"Red7","161417","0","","0","1","0","0","0","0","0","0","0","3","","","","","","100233133","6.70816","6.8882","1.6955","775","21286","thing","Red7","2","4","30","30","5","2014","2,3,4","4","8+","Some necessary text - easily memorized or small crib sheet","","","","","","standalone","","","","","","","","","","","","","","",""
"Red7","161417","0","","0","1","0","0","0","0","1","0","0","3","","","","","","100233206","6.70816","6.8882","1.6955","775","21286","thing","Red7","2","4","30","30","5","2014","2,3,4","4","8+","Some necessary text - easily memorized or small crib sheet","","","","","","standalone","","","","","","","","","","","","","","",""
"Regicide","307002","7","1","0","1","0","0","0","0","0","0","0","3","","","","","","85360173","6.6225","7.50724","1.9275","921","3600","thing","Regicide","1","4","30","30","10","2020","1,2,3,4","2","10+","No necessary in-game text","","","","","","standalone","","","","","","","","","","","","","","",""
"Risk: Star Wars – Clone Wars Edition","15045","0","","0","1","0","0","0","0","0","0","0","3","","","","","","100233136","5.68679","6.01532","2.2099","5490","3998","thing","Risk: Star Wars – Clone Wars Edition","2","4","120","120","120","2005","2,4","4","10+","Moderate in-game text - needs crib sheet or paste ups","","","","","","standalone","","","","","","","","","","","","","","",""
"Santorini","194655","0","","0","1","0","0","0","0","0","0","0","3","","","","","","100229698","7.26637","7.40277","1.736","225","55669","thing","Santorini","2","4","20","20","20","2016","2,3","2","6+","No necessary in-game text","","","","","","standalone","","","","","","","","","","","","","","",""
"Scattergories","2381","0","","0","1","0","0","0","0","0","0","0","3","","","","","","100233137","6.03893","6.23204","1.3698","2489","18877","thing","Scattergories","2","6","30","30","30","1988","2,3,4,5,6","4,5,6","10+","Unplayable in another language","","","","","","standalone","","","","","","","","","","","","","","",""
"Scoville","145659","7","1","0","1","0","0","0","0","0","0","0","3","","","","","","64180822","6.70049","7.14067","2.7861","784","7464","thing","Scoville","2","6","90","90","60","2014","2,3,4,5","4","10+","No necessary in-game text","","","","","","standalone","","","","","","","","","","","","","","",""
"Scrabble","320","0","","0","1","0","0","0","0","0","0","0","3","","","","","","100233138","6.15261","6.26943","2.0762","2041","55244","thing","Scrabble","2","4","90","90","90","1948","2,3,4","2","10+","Unplayable in another language","","","","","","standalone","","","","","","","","","","","","","","",""
"Sherlock Holmes Consulting Detective","2511","6","1","0","1","0","0","0","0","0","0","0","3","","","","","","68747640","7.45086","7.67374","2.6661","128","37655","thing","Sherlock Holmes Consulting Detective: The Thames Murders & Other Cases","1","8","120","120","60","2016","1,2,3,4","2","14+","Unplayable in another language","","","","","","standalone","","","","","","","","","","","","Asmodee; Ystari Games","English","2016","Ystari English edition 2016"
"Sherlock Holmes Consulting Detective: Jack the Ripper & West End Adventures","204305","7","","0","1","0","0","0","0","0","0","0","3","","","","","","68747639","7.0555","7.65817","2.1974","372","14775","thing","Sherlock Holmes Consulting Detective: Jack the Ripper & West End Adventures","1","8","120","120","60","2016","1,2,3,4","2","14+","Unplayable in another language","","","","","","standalone","","","","","","","","","","","","","","",""
"Silk","255037","0","","0","1","0","0","0","0","0","0","0","3","","","","","","63855083","5.77315","6.39807","2.5714","4307","1742","thing","Silk","2","4","45","45","45","2018","2,3,4","3","8+","No necessary in-game text","","","","","","standalone","","","","","","","","","","","","","","",""
"Slither","75957","7","1","0","1","0","0","0","0","0","0","0","3","","","","","","68486488","5.6093","7.97351","2.9231","7405","68","thing","Slither","2","2","40","40","40","2010","2","2","6+","No necessary in-game text","","","","","","standalone","","","","","","","","","","","","","","",""
"Spades","592","5","","0","1","0","0","0","0","0","0","0","3","","","","","","67393657","6.18965","6.77428","2.0227","1911","1352","thing","Spades","4","4","60","60","60","1938","4","4","8+","No necessary in-game text","","","","","","standalone","","","","","","","","","","","","","","",""
"Splendor","148228","0","1","0","1","0","0","0","0","0","0","0","3","","","","","","100233142","7.31287","7.43171","1.785","194","101750","thing","Splendor","2","4","30","30","30","2014","2,3,4","3","8+","No necessary in-game text","","","","","","standalone","","","","","","","","","","","","","","",""
"Spot it!","63268","0","","0","1","0","0","0","0","0","0","0","3","","","","","","100231351","6.41331","6.58074","1.0335","1294","32036","thing","Spot it!","2","8","15","15","15","2009","2,3,4,5,6,7,8","4,5","4+","No necessary in-game text","","","","","","standalone","","","","","","","","","","","","","","",""
"Star Wars: Imperial Assault","164153","0","","0","1","0","0","0","0","0","0","0","3","","","","","","100230368","7.70022","7.9827","3.3049","59","39330","thing","Star Wars: Imperial Assault","1","5","120","120","60","2014","2,3,4,5","2,5","12+","Extensive use of text - massive conversion needed to be playable","","","","","","standalone","","","","","","","","","","","","","","",""
"Stratego","1917","0","","0","1","0","0","0","0","0","0","0","3","","","","","","100233143","5.97947","6.11384","1.8455","2773","26634","thing","Stratego","2","2","45","45","45","1946","2","2","8+","No necessary in-game text","","","","","","standalone","","","","","","","","","","","","","","",""
"String Railway","76674","0","","0","1","0","0","0","0","0","0","0","3","","","","","","100230342","5.9316","6.3374","1.4327","3057","2875","thing","String Railway","2","5","30","30","30","2012","3,4,5","4","8+","No necessary in-game text","","","","","","standalone","","","","","","","","","","","","FoxMind","English; French","2012","English/French edition"
"Sushi Go Party!","192291","0","","0","1","0","0","0","0","0","0","0","3","","","","","","100229292","7.26542","7.42458","1.3034","227","52601","thing","Sushi Go Party!","2","8","20","20","20","2016","2,3,4,5,6,7,8","4,5","8+","Some necessary text - easily memorized or small crib sheet","","","","","","standalone","","","","","","","","","","","","","","",""
"Sushi Go!","133473","0","","0","1","0","0","0","0","0","0","0","3","","","","","","100229289","6.91483","7.02509","1.1584","515","72313","thing","Sushi Go!","2","5","15","15","15","2013","3,4,5","4","6+","No necessary in-game text","","","","","","standalone","","","","","","","","","","","","","","",""
"TAJ","158916","0","","0","1","0","0","0","0","0","0","0","3","","","","","","100228739","5.56126","5.98839","2.1667","9964","1536","thing","TAJ","2","4","10","10","10","2015","3,4","3","10+","No necessary in-game text","","","","","","standalone","","","","","","","","","","","","","","",""
"Tales & Games: The Hare & the Tortoise","130176","8","2","0","1","0","0","0","0","0","0","0","3","","","","","","100229685","6.57266","7.08483","1.3669","999","6635","thing","Tales & Games: The Hare & the Tortoise","2","5","20","20","15","2011","2,3,4,5","4","6+","No necessary in-game text","","","","","","standalone","","","","","","","","","","","","","","",""
"Tales of the Arabian Nights","34119","0","","0","1","0","0","0","0","0","0","0","3","","","","","","100233146","6.90825","7.17707","2.1525","520","17681","thing","Tales of the Arabian Nights","1","6","120","120","120","2009","2,3,4","3","12+","Extensive use of text - massive conversion needed to be playable","","","","","","standalone","","","","","","","","","","","","","","",""
"Tarot","4505","0","","0","1","0","0","0","0","0","0","0","3","","Colorized Tarot de Marseille by Fournier","","","","100228323","5.86069","6.81539","2.4681","3519","1610","thing","Tarot","2","8","30","30","30","2017","3,4,5","5","12+","No necessary in-game text","","","","","","standalone","","","","","","","","","","","","Heraclio Fournier","French","2017","Fournier French deluxe edition"
"Telestrations","46213","0","3","0","1","0","0","0","0","0","0","0","3","","","","","","100233141","7.16043","7.39282","1.0733","281","22614","thing","Telestrations","4","8","30","30","30","2009","5,6,7,8","8","8+","Extensive use of text - massive conversion needed to be playable","","","","","","standalone","","","","","","","","","","","","","","",""
"Telestrations","46213","0","3","0","1","0","0","0","0","0","0","0","3","","","","","","100233148","7.16043","7.39282","1.0733","281","22614","thing","Telestrations","4","8","30","30","30","2009","5,6,7,8","8","8+","Extensive use of text - massive conversion needed to be playable","","","","","","standalone","","","","","","","","","","","","","","",""
"Timeline: Events","113401","0","","0","1","0","0","0","0","0","0","0","3","","","","","","100231383","6.40013","6.77571","1.0949","1316","9088","thing","Timeline: Events","2","8","15","15","15","2011","2,3,4,5,6,7,8","4","10+","Moderate in-game text - needs crib sheet or paste ups","","","","","","standalone","","","","","","","","","","","","","","",""
"Trains: Rising Sun","157001","0","","0","1","0","0","0","0","0","0","0","3","","","","","","100230355","6.4654","7.42899","2.4355","1193","3758","thing","Trains: Rising Sun","2","4","45","45","45","2014","2,3,4","4","10+","Some necessary text - easily memorized or small crib sheet","","","","","","standalone","","","","","","","","","","","","","","",""
"Trivial Pursuit: 2000s","207911","0","","0","1","0","0","0","0","0","0","0","3","","","","","","100233149","5.50337","5.61075","1","18786","886","thing","Trivial Pursuit: 2000s","2","6","45","45","45","2016","3,4,5,6","4,5,6","","Extensive use of text - massive conversion needed to be playable","","","","","","standalone","","","","","","","","","","","","","","",""
"Tsuro","16992","0","","0","1","0","0","0","0","0","0","0","3","","","","","","100228758","6.54478","6.66719","1.2273","1044","38050","thing","Tsuro","2","8","20","20","15","2005","2,3,4,5,6,7,8","4,6","6+","No necessary in-game text","","","","","","standalone","","","","","","","","","","","","","","",""
"Tumblin-Dice","16747","8","4","0","1","0","0","0","0","0","0","0","3","","","","","","67458970","6.6908","7.20953","1.0437","801","4195","thing","Tumblin-Dice","2","4","45","45","45","2004","2,3,4","4","5+","No necessary in-game text","","","","","","standalone","","","","","","","","","","","","","","",""
"Watson & Holmes","182694","0","","0","1","0","0","0","0","0","0","0","3","","","","","","100228289","6.51526","7.30769","2.1633","1100","5243","thing","Watson & Holmes","2","7","75","75","45","2015","3,4,5,6,7","4,5","12+","Unplayable in another language","","","","","","standalone","","","","","","","","","","","","","","",""
"Welcome to the Dungeon","150312","0","1","0","1","0","0","0","0","0","0","0","3","","","","","","100229715","6.41864","6.56417","1.2334","1283","23542","thing","Welcome to the Dungeon","2","4","30","30","30","2013","2,3,4","3","8+","Some necessary text - easily memorized or small crib sheet","","","","","","standalone","","","","","","","","","","","","","","",""
"Win, Lose, or Banana","47082","0","","0","1","0","0","0","0","0","0","0","3","","","","","","63123849","5.44635","5.40053","1.0725","22926","1144","thing","Win, Lose, or Banana","3","3","1","1","1","2009","3","3","6+","No necessary in-game text","","","","","","standalone","","","","","","","","","","","","","","",""
"Witness","164265","5","","0","1","0","0","0","0","0","0","0","3","","","","","","100233156","6.52954","7.25528","1.5","1067","3868","thing","Witness","4","4","15","15","15","2014","4","4","12+","Unplayable in another language","","","","","","standalone","","","","","","","","","","","","","","",""
"Wits & Wagers","20100","0","","0","1","0","0","0","0","0","0","0","3","","","","","","100233158","6.75386","6.92941","1.2101","701","19846","thing","Wits & Wagers","3","7","25","25","25","2005","4,5,6,7","6,7","8+","Unplayable in another language","","","","","","standalone","","","","","","","","","","","","","","",""
"Zendo","6830","9","","0","1","0","0","0","0","1","0","0","3","","","","","","68891172","6.56581","7.22429","2.5286","1012","3288","thing","Zendo","3","5","60","60","60","2001","3,4,5","4","8+","No necessary in-game text","","","","","","standalone","","","","","","","","","","","","","","",""
"ZÈRTZ","528","0","","0","1","0","0","0","0","0","0","0","3","","","","","","100231032","6.70059","7.27005","2.7455","783","6066","thing","ZÈRTZ","2","2","60","60","30","1999","2","2","8+","No necessary in-game text","","","","","","standalone","","","","","","","","","","","","","","",""
